columnA,columnB,columnC
0.4533819766704847,no,B
1.0661208994856177,no,B
-0.16390736230633518,yes,A
-0.16389586986442636,yes,A
