columnA,columnB,columnC
0.4967141530112327,no,B
-0.13826430117118466,yes,B
